case_id,criterion,pull,argument
C-1,requirements,predictive,"Формат пакета і контролі опубліковані регулятором; редакції виходять раз на рік і оголошуються за три місяці"
C-1,technology,adaptive,"Нове API має неповну документацію; два методи двічі змінювалися без оголошення, а пісочниця працює нестабільно"
C-1,release_cost,predictive,"Неприйнятий пакет означає припис регулятора, ручне виправлення і повторне подання до фіксованої дати"
C-1,customer,predictive,"Контактна особа відповідає за три-п'ять робочих днів, не приходить на щотижневі демо і просить підсумки за етапами"
C-1,contract,predictive,"Тендерний fixed price фіксує обсяг у ТЗ; зміна потребує додаткової угоди і близько двох тижнів погоджень"
C-1,team,predictive,"Троє інтеграторів працюють віддалено за власним графіком, а єдиний тестувальник ділить час з іншим проєктом"
C-2,requirements,adaptive,"Після інтерв'ю кожні два тижні беклог переписують; минулого місяця дві функції вилучили й одну додали"
C-2,technology,predictive,"Стек знайомий команді, провайдер має нормальну документацію і робочу пісочницю, а автоматичне розгортання та відкат уже перевірені"
C-2,release_cost,predictive,"Помилка комісії чи застави створює неправильні списання, ручні повернення, скарги і ризик перегляду умов еквайрингу"
C-2,customer,adaptive,"Співзасновник сидить з командою, дивиться демо щоп'ятниці, відповідає за півгодини і сам ухвалює рішення про обсяг"
C-2,contract,adaptive,"Зовнішнього договору немає: продукт власний, обсяг не зафіксований, задані лише бюджет і дев'ятимісячний горизонт"
C-2,team,adaptive,"П'ятеро працюють в одній кімнаті, вузьких спеціалізацій немає, і кожен може взяти будь-яку задачу"
C-3,requirements,adaptive,"Реальний процес відрізняється від положення, три юристи описують його по-різному, а на кожному демо з'являються винятки"
C-3,technology,adaptive,"Стек знайомий, але схема старої системи не документована, якість даних невідома, у восьмої частини записів немає контрагента"
C-3,release_cost,predictive,"Помилка щомісячного нарахування потрапляє в бухгалтерію та оплату і виявляється вже після платежів контрагентам"
C-3,customer,adaptive,"Керівниця юридичного відділу доступна щотижня, приводить користувачів на демо і дає розгорнутий зворотний зв'язок"
C-3,contract,predictive,"Fixed price і річний бюджет не можна збільшити, а зміну обсягу має окремо підписати фінансовий директор"
C-3,team,adaptive,"Четверо працюють в одному офісі два роки, спокійно беруть суміжні задачі, хоча PM залучений лише на половину ставки"
